自由闊達,形容詞,カスタム
現地現物,形容詞,カスタム
総智総力,形容詞,カスタム
ものづくり,形容詞,カスタム
縁の下の力持ち,形容詞,カスタム
協調性,形容詞,カスタム
自主性,形容詞,カスタム
諦めない,形容詞,カスタム
安全意識,形容詞,カスタム
対応力,形容詞,カスタム
思いやり,形容詞,カスタム
やり遂げる,形容詞,カスタム
やりとげる,形容詞,カスタム
やり切る,形容詞,カスタム
やりきる,形容詞,カスタム
やり抜く,形容詞,カスタム
力,形容詞,カスタム
情熱力,形容詞,カスタム
意志力,形容詞,カスタム
行動力,形容詞,カスタム
総力,形容詞,カスタム
創造力,形容詞,カスタム
魅力,形容詞,カスタム
強靭力,形容詞,カスタム
発想力,形容詞,カスタム
技術力,形容詞,カスタム
弾力,形容詞,カスタム
精力,形容詞,カスタム
神経力,形容詞,カスタム
知識力,形容詞,カスタム
判断力,形容詞,カスタム
耐力,形容詞,カスタム
美容力,形容詞,カスタム
魂力,形容詞,カスタム
適応力,形容詞,カスタム
感受力,形容詞,カスタム
視覚力,形容詞,カスタム
聴覚力,形容詞,カスタム
包容力,形容詞,カスタム
円熟力,形容詞,カスタム
音楽力,形容詞,カスタム
語学力,形容詞,カスタム
根気力,形容詞,カスタム
論理力,形容詞,カスタム
頭脳力,形容詞,カスタム
武力,形容詞,カスタム
忍耐力,形容詞,カスタム
抵抗力,形容詞,カスタム
集中力,形容詞,カスタム
収束力,形容詞,カスタム
営業力,形容詞,カスタム
統率力,形容詞,カスタム
組織力,形容詞,カスタム
破壊力,形容詞,カスタム
攻撃力,形容詞,カスタム
防御力,形容詞,カスタム
幸福力,形容詞,カスタム
努力,形容詞,カスタム
善意力,形容詞,カスタム
協調力,形容詞,カスタム
調和力,形容詞,カスタム
健康力,形容詞,カスタム
生命力,形容詞,カスタム
運動力,形容詞,カスタム
柔軟力,形容詞,カスタム
安定力,形容詞,カスタム
圧倒力,形容詞,カスタム
教育力,形容詞,カスタム
記憶力,形容詞,カスタム
感動力,形容詞,カスタム
舞台力,形容詞,カスタム
可能力,形容詞,カスタム
疑問力,形容詞,カスタム
喜び力,形容詞,カスタム
信念力,形容詞,カスタム
自制力,形容詞,カスタム
解決力,形容詞,カスタム
持続力,形容詞,カスタム
高揚力,形容詞,カスタム
卓越力,形容詞,カスタム
達成力,形容詞,カスタム
伝達力,形容詞,カスタム
見識力,形容詞,カスタム
革新力,形容詞,カスタム
協力,形容詞,カスタム
直感力,形容詞,カスタム
活力,形容詞,カスタム
遊戯力,形容詞,カスタム
衝撃力,形容詞,カスタム
覚悟力,形容詞,カスタム
家族力,形容詞,カスタム
実行力,形容詞,カスタム
真実力,形容詞,カスタム
駆動力,形容詞,カスタム
優雅力,形容詞,カスタム
勝利力,形容詞,カスタム
不屈力,形容詞,カスタム
集客力,形容詞,カスタム
成功力,形容詞,カスタム
賢明力,形容詞,カスタム
力強力,形容詞,カスタム
賞賛力,形容詞,カスタム
驚異力,形容詞,カスタム
細心力,形容詞,カスタム
集成力,形容詞,カスタム
好奇心力,形容詞,カスタム
剛力,形容詞,カスタム
助力,形容詞,カスタム
克服力,形容詞,カスタム
負荷力,形容詞,カスタム
責任力,形容詞,カスタム
内省力,形容詞,カスタム
警戒力,形容詞,カスタム
魚雷力,形容詞,カスタム
癒し力,形容詞,カスタム
衝力,形容詞,カスタム
憤慨力,形容詞,カスタム
品格力,形容詞,カスタム
革命力,形容詞,カスタム
集約力,形容詞,カスタム
絶対力,形容詞,カスタム
策略力,形容詞,カスタム
敵対力,形容詞,カスタム
連帯力,形容詞,カスタム
創始力,形容詞,カスタム
非力,形容詞,カスタム
刷新力,形容詞,カスタム
政治力,形容詞,カスタム
選択力,形容詞,カスタム
思考力,形容詞,カスタム
仮想力,形容詞,カスタム
快楽力,形容詞,カスタム
優勢力,形容詞,カスタム
目覚め力,形容詞,カスタム
洞察力,形容詞,カスタム
容認力,形容詞,カスタム
思索力,形容詞,カスタム
看護力,形容詞,カスタム
俊敏力,形容詞,カスタム
先進力,形容詞,カスタム
弁護力,形容詞,カスタム
精密力,形容詞,カスタム
熱意力,形容詞,カスタム
霊力,形容詞,カスタム
鋭敏力,形容詞,カスタム
絶対音感力,形容詞,カスタム
相乗力,形容詞,カスタム
貴族力,形容詞,カスタム
動員力,形容詞,カスタム
自然力,形容詞,カスタム
信念力,形容詞,カスタム
行政力,形容詞,カスタム
営繕力,形容詞,カスタム
駆引力,形容詞,カスタム
瞬発力,形容詞,カスタム
魔法力,形容詞,カスタム
手腕力,形容詞,カスタム
神秘力,形容詞,カスタム
知慧力,形容詞,カスタム
宇宙力,形容詞,カスタム
回復力,形容詞,カスタム
発展力,形容詞,カスタム
不可侵力,形容詞,カスタム
弁論力,形容詞,カスタム
労力,形容詞,カスタム
援助力,形容詞,カスタム
協議力,形容詞,カスタム
資本力,形容詞,カスタム
圧力,形容詞,カスタム
遊習力,形容詞,カスタム
道徳力,形容詞,カスタム
心理力,形容詞,カスタム
決断力,形容詞,カスタム
興奮力,形容詞,カスタム
言葉力,形容詞,カスタム
戦力,形容詞,カスタム
連携力,形容詞,カスタム
利巧力,形容詞,カスタム
自尊心力,形容詞,カスタム
天然力,形容詞,カスタム
良心力,形容詞,カスタム
財力,形容詞,カスタム
周到力,形容詞,カスタム
地域力,形容詞,カスタム
消化力,形容詞,カスタム
求心力,形容詞,カスタム
進化力,形容詞,カスタム
運用力,形容詞,カスタム
幻想力,形容詞,カスタム
実力,形容詞,カスタム
同調力,形容詞,カスタム
賢者力,形容詞,カスタム
伝統力,形容詞,カスタム
超越力,形容詞,カスタム
負傷力,形容詞,カスタム
自由力,形容詞,カスタム
意外力,形容詞,カスタム
航法力,形容詞,カスタム
前進力,形容詞,カスタム
群衆力,形容詞,カスタム
快速力,形容詞,カスタム
思惟力,形容詞,カスタム
宿命力,形容詞,カスタム
鍛練力,形容詞,カスタム
無力,形容詞,カスタム
喚起力,形容詞,カスタム
心得力,形容詞,カスタム
演奏力,形容詞,カスタム
占有力,形容詞,カスタム
責務力,形容詞,カスタム
強力,形容詞,カスタム
見識力,形容詞,カスタム
非凡力,形容詞,カスタム
好事力,形容詞,カスタム
覚悟力,形容詞,カスタム
造詣力,形容詞,カスタム
人間性,形容詞,カスタム
勇敢性,形容詞,カスタム
女性,形容詞,カスタム
男性,形容詞,カスタム
性格,形容詞,カスタム
知性,形容詞,カスタム
感性,形容詞,カスタム
知識性,形容詞,カスタム
芸術性,形容詞,カスタム
科学性,形容詞,カスタム
技術性,形容詞,カスタム
礼儀性,形容詞,カスタム
集中性,形容詞,カスタム
創造性,形容詞,カスタム
持続性,形容詞,カスタム
革新性,形容詞,カスタム
収束性,形容詞,カスタム
解決性,形容詞,カスタム
魅力性,形容詞,カスタム
意志性,形容詞,カスタム
行動性,形容詞,カスタム
哲学性,形容詞,カスタム
情熱性,形容詞,カスタム
冷静性,形容詞,カスタム
非対称性,形容詞,カスタム
純真性,形容詞,カスタム
反乱性,形容詞,カスタム
危険性,形容詞,カスタム
恐怖性,形容詞,カスタム
幸福性,形容詞,カスタム
不安性,形容詞,カスタム
現実性,形容詞,カスタム
心理性,形容詞,カスタム
強制性,形容詞,カスタム
魔法性,形容詞,カスタム
賞賛性,形容詞,カスタム
期待性,形容詞,カスタム
信頼性,形容詞,カスタム
無関心性,形容詞,カスタム
透明性,形容詞,カスタム
不確定性,形容詞,カスタム
可能性,形容詞,カスタム
不可能性,形容詞,カスタム
無理性,形容詞,カスタム
本能性,形容詞,カスタム
善性,形容詞,カスタム
悪性,形容詞,カスタム
動的性,形容詞,カスタム
静的性,形容詞,カスタム
有機性,形容詞,カスタム
無機性,形容詞,カスタム
効果性,形容詞,カスタム
有効性,形容詞,カスタム
期限性,形容詞,カスタム
無期限性,形容詞,カスタム
精密性,形容詞,カスタム
近似性,形容詞,カスタム
抽象性,形容詞,カスタム
具体性,形容詞,カスタム
独自性,形容詞,カスタム
標準性,形容詞,カスタム
拡張性,形容詞,カスタム
縮小性,形容詞,カスタム
安全性,形容詞,カスタム
危険性,形容詞,カスタム
生物学的性,形容詞,カスタム
化学的性,形容詞,カスタム
物理的性,形容詞,カスタム
経済的性,形容詞,カスタム
政治的性,形容詞,カスタム
文化的性,形容詞,カスタム
倫理性,形容詞,カスタム
美学的性,形容詞,カスタム
量的性,形容詞,カスタム
質的性,形容詞,カスタム
教育的性,形容詞,カスタム
医療的性,形容詞,カスタム
技術的性,形容詞,カスタム
社会的性,形容詞,カスタム
環境的性,形容詞,カスタム
進化的性,形容詞,カスタム
保存的性,形容詞,カスタム
衝動性,形容詞,カスタム
抑制性,形容詞,カスタム
超越性,形容詞,カスタム
克服性,形容詞,カスタム
規律性,形容詞,カスタム
自律性,形容詞,カスタム
従属性,形容詞,カスタム
独立性,形容詞,カスタム
一貫性,形容詞,カスタム
矛盾性,形容詞,カスタム
軽蔑性,形容詞,カスタム
尊重性,形容詞,カスタム
侮蔑性,形容詞,カスタム
対話性,形容詞,カスタム
協力性,形容詞,カスタム
競争性,形容詞,カスタム
調和性,形容詞,カスタム
衝突性,形容詞,カスタム
謙虚性,形容詞,カスタム
傲慢性,形容詞,カスタム
真実性,形容詞,カスタム
虚偽性,形容詞,カスタム
不確実性,形容詞,カスタム
確実性,形容詞,カスタム
信頼性,形容詞,カスタム
不信性,形容詞,カスタム
信仰性,形容詞,カスタム
無信性,形容詞,カスタム
愛情性,形容詞,カスタム
嫌悪性,形容詞,カスタム
平和性,形容詞,カスタム
戦争性,形容詞,カスタム
平等性,形容詞,カスタム
不平等性,形容詞,カスタム
無秩序性,形容詞,カスタム
秩序性,形容詞,カスタム
積極性,形容詞,カスタム
消極性,形容詞,カスタム
創造性,形容詞,カスタム
摧残性,形容詞,カスタム
統一性,形容詞,カスタム
分裂性,形容詞,カスタム
連続性,形容詞,カスタム
中断性,形容詞,カスタム
資本主義性,形容詞,カスタム
社会主義性,形容詞,カスタム
共産主義性,形容詞,カスタム
個人主義性,形容詞,カスタム
集団主義性,形容詞,カスタム
同一性,形容詞,カスタム
異質性,形容詞,カスタム
完全性,形容詞,カスタム
不完全性,形容詞,カスタム
安定性,形容詞,カスタム
不安定性,形容詞,カスタム
維持性,形容詞,カスタム
変化性,形容詞,カスタム
豊かさ性,形容詞,カスタム
貧困性,形容詞,カスタム
健康性,形容詞,カスタム
疾病性,形容詞,カスタム
年齢性,形容詞,カスタム
若さ性,形容詞,カスタム
熟練性,形容詞,カスタム
未熟練性,形容詞,カスタム
進化性,形容詞,カスタム
退化性,形容詞,カスタム
自由性,形容詞,カスタム
制約性,形容詞,カスタム
解放性,形容詞,カスタム
拘束性,形容詞,カスタム
高揚性,形容詞,カスタム
沈静性,形容詞,カスタム
積極的性,形容詞,カスタム
消極的性,形容詞,カスタム
粗野性,形容詞,カスタム
上品性,形容詞,カスタム
破壊性,形容詞,カスタム
創造性,形容詞,カスタム
保存性,形容詞,カスタム
衛生性,形容詞,カスタム
不衛生性,形容詞,カスタム
安全性,形容詞,カスタム
危険性,形容詞,カスタム
明晰性,形容詞,カスタム
不明晰性,形容詞,カスタム
独占性,形容詞,カスタム
共有性,形容詞,カスタム
緊急性,形容詞,カスタム
緩慢性,形容詞,カスタム
高度性,形容詞,カスタム
低度性,形容詞,カスタム
向上性,形容詞,カスタム
低下性,形容詞,カスタム
肯定性,形容詞,カスタム
否定性,形容詞,カスタム
明るさ性,形容詞,カスタム
闇性,形容詞,カスタム
可視性,形容詞,カスタム
不可視性,形容詞,カスタム
明瞭性,形容詞,カスタム
不明瞭性,形容詞,カスタム
遠隔性,形容詞,カスタム
近接性,形容詞,カスタム
定量性,形容詞,カスタム
定性性,形容詞,カスタム
無秩序性,形容詞,カスタム
規模性,形容詞,カスタム
有機性,形容詞,カスタム
無機性,形容詞,カスタム
複雑性,形容詞,カスタム
単純性,形容詞,カスタム
自発性,形容詞,カスタム
反応性,形容詞,カスタム
抑制性,形容詞,カスタム
刺激性,形容詞,カスタム
進歩性,形容詞,カスタム
保守性,形容詞,カスタム
分業性,形容詞,カスタム
一体性,形容詞,カスタム
連帯性,形容詞,カスタム
独立性,形容詞,カスタム
依存性,形容詞,カスタム
独占性,形容詞,カスタム
競争性,形容詞,カスタム
協力性,形容詞,カスタム
意志性,形容詞,カスタム
非意志性,形容詞,カスタム
制動性,形容詞,カスタム
自由性,形容詞,カスタム
制約性,形容詞,カスタム
選択性,形容詞,カスタム
拘束性,形容詞,カスタム
調和性,形容詞,カスタム
対立性,形容詞,カスタム
衝突性,形容詞,カスタム
異質性,形容詞,カスタム
同一性,形容詞,カスタム
完全性,形容詞,カスタム
不完全性,形容詞,カスタム
安定性,形容詞,カスタム
不安定性,形容詞,カスタム
維持性,形容詞,カスタム
変化性,形容詞,カスタム
豊かさ性,形容詞,カスタム
貧困性,形容詞,カスタム
健康性,形容詞,カスタム
疾病性,形容詞,カスタム
年齢性,形容詞,カスタム
若さ性,形容詞,カスタム
熟練性,形容詞,カスタム
未熟練性,形容詞,カスタム
進化性,形容詞,カスタム
退化性,形容詞,カスタム
自由性,形容詞,カスタム
制約性,形容詞,カスタム
解放性,形容詞,カスタム
拘束性,形容詞,カスタム
高揚性,形容詞,カスタム
沈静性,形容詞,カスタム
積極的性,形容詞,カスタム
消極的性,形容詞,カスタム
粗野性,形容詞,カスタム
上品性,形容詞,カスタム
破壊性,形容詞,カスタム
創造性,形容詞,カスタム
保存性,形容詞,カスタム
衛生性,形容詞,カスタム
不衛生性,形容詞,カスタム
安全性,形容詞,カスタム
危険性,形容詞,カスタム
明晰性,形容詞,カスタム
不明晰性,形容詞,カスタム
独占性,形容詞,カスタム
共有性,形容詞,カスタム
緊急性,形容詞,カスタム
緩慢性,形容詞,カスタム
高度性,形容詞,カスタム
低度性,形容詞,カスタム
向上性,形容詞,カスタム
低下性,形容詞,カスタム
肯定性,形容詞,カスタム
否定性,形容詞,カスタム
明るさ性,形容詞,カスタム
闇性,形容詞,カスタム
可視性,形容詞,カスタム
不可視性,形容詞,カスタム
明瞭性,形容詞,カスタム
不明瞭性,形容詞,カスタム
遠隔性,形容詞,カスタム
近接性,形容詞,カスタム
希薄性,形容詞,カスタム
濃密性,形容詞,カスタム
透明性,形容詞,カスタム
不透明性,形容詞,カスタム
協調性,形容詞,カスタム
対話性,形容詞,カスタム
遊戯性,形容詞,カスタム
一貫性,形容詞,カスタム
矛盾性,形容詞,カスタム
露骨性,形容詞,カスタム
推測性,形容詞,カスタム
仮説性,形容詞,カスタム
確証性,形容詞,カスタム
疑念性,形容詞,カスタム
確実性,形容詞,カスタム
不確実性,形容詞,カスタム
信頼性,形容詞,カスタム
不信性,形容詞,カスタム
信仰性,形容詞,カスタム
無信性,形容詞,カスタム
愛情性,形容詞,カスタム
嫌悪性,形容詞,カスタム
平和性,形容詞,カスタム
戦争性,形容詞,カスタム
平等性,形容詞,カスタム
不平等性,形容詞,カスタム
無秩序性,形容詞,カスタム
秩序性,形容詞,カスタム
積極性,形容詞,カスタム
消極性,形容詞,カスタム
粗野性,形容詞,カスタム
上品性,形容詞,カスタム
破壊性,形容詞,カスタム
創造性,形容詞,カスタム
保存性,形容詞,カスタム
衛生性,形容詞,カスタム
不衛生性,形容詞,カスタム
安全性,形容詞,カスタム
危険性,形容詞,カスタム
明晰性,形容詞,カスタム
不明晰性,形容詞,カスタム
独占性,形容詞,カスタム
共有性,形容詞,カスタム
緊急性,形容詞,カスタム
緩慢性,形容詞,カスタム
高度性,形容詞,カスタム
低度性,形容詞,カスタム
向上性,形容詞,カスタム
低下性,形容詞,カスタム
肯定性,形容詞,カスタム
否定性,形容詞,カスタム
明るさ性,形容詞,カスタム
闇性,形容詞,カスタム
可視性,形容詞,カスタム
不可視性,形容詞,カスタム
明瞭性,形容詞,カスタム
不明瞭性,形容詞,カスタム
遠隔性,形容詞,カスタム
近接性,形容詞,カスタム
希薄性,形容詞,カスタム
濃密性,形容詞,カスタム
透明性,形容詞,カスタム
不透明性,形容詞,カスタム
協調性,形容詞,カスタム
対話性,形容詞,カスタム
遊戯性,形容詞,カスタム
一貫性,形容詞,カスタム
矛盾性,形容詞,カスタム
露骨性,形容詞,カスタム
推測性,形容詞,カスタム
仮説性,形容詞,カスタム
確証性,形容詞,カスタム
疑念性,形容詞,カスタム
確実性,形容詞,カスタム
不確実性,形容詞,カスタム
信頼性,形容詞,カスタム
不信性,形容詞,カスタム
信仰性,形容詞,カスタム
無信性,形容詞,カスタム
愛情性,形容詞,カスタム
嫌悪性,形容詞,カスタム
平和性,形容詞,カスタム
戦争性,形容詞,カスタム
平等性,形容詞,カスタム
不平等性,形容詞,カスタム
急性,形容詞,カスタム
慢性,形容詞,カスタム
寂寥性,形容詞,カスタム
繁栄性,形容詞,カスタム
衰退性,形容詞,カスタム
贅沢性,形容詞,カスタム
倹約性,形容詞,カスタム
順応性,形容詞,カスタム
不順応性,形容詞,カスタム
複製性,形容詞,カスタム
創造性,形容詞,カスタム
恒常性,形容詞,カスタム
臨時性,形容詞,カスタム
種類性,形容詞,カスタム
無種類性,形容詞,カスタム
有害性,形容詞,カスタム
無害性,形容詞,カスタム
特殊性,形容詞,カスタム
一般性,形容詞,カスタム
現実性,形容詞,カスタム
理想性,形容詞,カスタム
異性,形容詞,カスタム
同性,形容詞,カスタム
水性,形容詞,カスタム
火性,形容詞,カスタム
土性,形容詞,カスタム
風性,形容詞,カスタム
鋭敏性,形容詞,カスタム
鈍感性,形容詞,カスタム
普遍性,形容詞,カスタム
特異性,形容詞,カスタム
複数性,形容詞,カスタム
単数性,形容詞,カスタム
存在性,形容詞,カスタム
不存在性,形容詞,カスタム
優越性,形容詞,カスタム
劣等性,形容詞,カスタム
多様性,形容詞,カスタム
単一性,形容詞,カスタム
多元性,形容詞,カスタム
一元性,形容詞,カスタム
欠陥性,形容詞,カスタム
高さ,形容詞,カスタム
総智,形容詞,カスタム
チーム力,形容詞,カスタム
協力,形容詞,カスタム
人間力,形容詞,カスタム
対応力,形容詞,カスタム
実現力,形容詞,カスタム
先進力,形容詞,カスタム
団結力,形容詞,カスタム
厳しさ,形容詞,カスタム
世界初,形容詞,カスタム
強さ,形容詞,カスタム
